id,title,category,description,icon,originalUrl
painel-ft,[GCAP] Painel FT,Gerencial,Visão gerencial do painel FT.,chart-bar,https://app.powerbi.com/groups/9d49507a-af2f-43e4-a303-259593c15e0d/reports/d2d384c5-699e-4ddb-b8de-09d87781d8e2/9ca6250d3ee210c96d0c?experience=power-bi
painel-servicos,[GCAP] Painel Serviços,Categoria 1,Acompanhamento de serviços GCAP.,briefcase,https://app.powerbi.com/groups/9d49507a-af2f-43e4-a303-259593c15e0d/reports/25bddbb9-0b2e-4ad0-ad67-7163e8e68175/568d1ab55401244475b2?experience=power-bi
gestao-mot,[HODC] Gestão de MOT,Categoria 2,Gestão de MOT HODC.,truck,https://app.powerbi.com/groups/a0763b4f-7eb6-46c6-8b7b-9cb52d8ee234/reports/fb0529d6-4c9c-438d-b11f-b0a71aa4d0e3/ReportSection?experience=power-bi
analise-capacidade-esporte,Painel Análise de Capacidade Esporte,Esporte,Análise de capacidade da área de Esporte.,chart-bar,https://app.powerbi.com/groups/a0763b4f-7eb6-46c6-8b7b-9cb52d8ee234/reports/8f19603c-e598-4b80-9db4-505cef2d6421/ReportSectionfa4b63b54c623c04c772?experience=power-bi
cap-comparativo-ciclos,[CAP] Comparativo Ciclos,Ciclos,Comparativo de ciclos de capacidade.,chart-line,https://app.powerbi.com/groups/9d49507a-af2f-43e4-a303-259593c15e0d/reports/b4ee31c5-33b4-436a-88b3-b184bcddd9f9/27b4b748eb5950701cf1?experience=power-bi
cap-planejamento-equipe-pos,[CAP] Planejamento Equipe Pós,Planejamento,Planejamento da equipe pós-evento.,users,https://app.powerbi.com/groups/9d49507a-af2f-43e4-a303-259593c15e0d/reports/d714dd90-550a-4265-9bbc-8496b92b7672/ReportSection?experience=power-bi
gcap-checkins-presenciais,[GCAP] Check-ins presenciais,Equipe,Acompanhamento de check-ins presenciais da equipe.,briefcase,https://app.powerbi.com/groups/9d49507a-af2f-43e4-a303-259593c15e0d/reports/1efb80ed-454c-471d-92df-3bfdf9c4b09f/ReportSection?experience=power-bi
gcap-painel-uops,[GCAP] Painel UOPs,Gerencial,Painel gerencial de UOPs.,chart-pie,https://app.powerbi.com/groups/9d49507a-af2f-43e4-a303-259593c15e0d/reports/f6cd8a23-9e1e-4196-89f0-c9d83309f3b5/ReportSection18ed86a3d29153210327?experience=power-bi
analise-capacidade-controles,Painel Análise de Capacidade Controles,Gerencial,Análise de capacidade de controles.,chart-area,https://app.powerbi.com/groups/a0763b4f-7eb6-46c6-8b7b-9cb52d8ee234/reports/8c2c7c59-1ad2-42c9-a5ab-223520e82683/ReportSection?experience=power-bi
,,,,,
,,,,,
,,,,,
,,,,,
,,,,,
,,,,,
,,,,,
,,,,,
,,,,,
,,,,,
,,,,,
,,,,,
,,,,,
,,,,,
,,,,,
,,,,,
,,,,,
,,,,,
,,,,,
,,,,,
